"Job Title","Occupation","Company","City / State","Metro","Wage","Year"
"	 Technology Lead","Software Quality Assurance Analysts and Testers","Infogain Corporation","Fountain Valley, CA","Los Angeles-Long Beach-Anaheim, CA","$102,400","2026"
".NET ANALYST 2","Computer Systems Analysts","VIRTUSA CONSULTING SERVICES PVT., LTD","JACKSONVILLE, FL","Jacksonville, FL","$102,000","2026"
".NET DEVELOPER","Software Developers","HALLMARK GLOBAL TECHNOLOGIES INC","Woodstock, GA","Atlanta-Sandy Springs-Roswell, GA","$120,000","2026"
".NET DEVELOPER","Software Developers","KRONSYS INC","MONTGOMERY, AL","Montgomery, AL","$88,000","2026"
".NET Developer","Computer Programmers","Selsoft Inc","Woodland hills, CA","","$97,000","2026"
".NET DEVELOPER","Software Developers","COVANT SOLUTIONS, INC.","KNOXVILLE, TN","Knoxville, TN","$97,282","2026"
".NET DEVELOPER","Software Developers","SQUAD SOFTWARE, INC.","LITTLE ELM, TX","Dallas-Fort Worth-Arlington, TX","$113,000","2026"
".Net Developer","Software Developers","Delasoft, Inc.","Frankfort, KY","Frankfort, KY","$112,923","2026"
".NET DEVELOPER","Software Developers","TECHSMART GLOBAL, INC.","EAST CHICAGO, IN","Chicago-Naperville-Elgin, IL-IN-WI","$108,077","2026"
".NET ENGINEER 2","Computer Systems Engineers/Architects","VIRTUSA CORPORATION","LEWIS CENTER, OH","Columbus, OH","$100,462","2026"
".NET Senior Developer","Software Developers","Happiest Minds Technologies Ltd.","Pembroke Pines, FL","Miami-Fort Lauderdale-West Palm Beach, FL","$110,950","2026"
"=""Oracle Application EBS Developer (""EBS Developer"")""","Software Developers","Scribe Opco, LLC","Clearwater, FL","Tampa-St. Petersburg-Clearwater, FL","$100,797","2026"
"A/B Testing and Optimization Analyst","Operations Research Analysts","Brunswick Corporation","Maricopa, AZ","Phoenix-Mesa-Scottsdale, AZ","$58,656","2026"
"Ab Initio Developer","Software Developers","IT America, Inc.","Charlotte, NC","Charlotte-Concord-Gastonia, NC-SC","$112,424","2026"
"Abdominal Core Health Surgeon","Surgeons, All Other","Mayo Clinic","Rochester, MN","Rochester, MN","$571,000","2026"
"ABINITIO PRODUCTION SUPPORT","Network and Computer Systems Administrators","KARWELL TECHNOLOGIIES, INC.","AVENEL, NJ","New York-Newark-Jersey City, NY-NJ-PA","$39","2026"
"Academic OB Laborist","Obstetricians and Gynecologists","HARVARD MEDICAL FACULTY PHYSICIANS AT BETH ISRAEL DEACONESS MEDICAL CENTER","Boston, MA","Boston-Cambridge-Newton, MA-NH","$235,000","2026"
"Access Management Database Administrator","Database Administrators","Unite Private Networks, LLC","Kansas City, MO","Kansas City, MO-KS","$65,000","2026"
"Account Executive","Customer Service Representatives","University of Notre Dame du Lac","Notre Dame, IN","South Bend-Mishawaka, IN-MI","$46,668","2026"
"Account Management Director","Financial Managers","Cummins Inc.","COLUMBUS, IN","Columbus, IN","$157,500","2026"
"Account Management Manager","Market Research Analysts and Marketing Specialists","Cummins Filtration Inc.","Nashville, TN","Nashville-Davidson--Murfreesboro--Franklin, TN","$103,200","2026"
"Account Manager","Industrial Engineers","BYD Coach and Bus LLC","Lancaster, CA","","$79,955","2026"
"Account Manager","Sales Engineers","HCL AMERICA INC","Santa Clara, CA","San Jose-Sunnyvale-Santa Clara, CA","$168,958","2026"
"Account Manager II","Information Technology Project Managers","UST GLOBAL INC","Bentonville, AR","Fayetteville-Springdale-Rogers, AR-MO","$136,554","2026"
"Account Technical Executive","Sales Engineers","Cadence Design Systems, Inc.","San Jose, CA","San Jose-Sunnyvale-Santa Clara, CA","$142,405","2026"
"Accountant","Accountants and Auditors","Cloudberg Tec Limited Company","Salt Lake City, UT","Salt Lake City, UT","$68,557","2026"
"Accountant","Accountants and Auditors","RJCL Corporation","Saipan, MP","","$18","2026"
"Accountant","Accountants and Auditors","Isabel Chiu & Co., LLP","Milpitas, CA","San Jose-Sunnyvale-Santa Clara, CA","$104,832","2026"
"ACCOUNTANT","Accountants and Auditors","CALVO ENTERPRISES, INCORPORATED","ROTA, MP","","$17","2026"
"Accountant","Accountants and Auditors","MedStar Shah MSO, LLC","Hollywood, MD","","$64,715","2026"
"Accountant","Accountants and Auditors","Kiswire Pine Bluff, Inc.","Pine Bluff, AR","Pine Bluff, AR","$78,000","2026"
"Accountant","Accountants and Auditors","Magnum Producing, LP","Corpus Christi, TX","Corpus Christi, TX","$130,080","2026"
"Accountant","Accountants and Auditors","LYFT, Inc.","San Francisco, CA","San Francisco-Oakland-Hayward, CA","$88,000","2026"
"Accountant","Accountants and Auditors","California Pacific Technical Services, LLC","Tamuning, GU","","$58,739","2026"
"Accountant","Accountants and Auditors","Pulse Wire & Cable, LLC","Royal Oak, MI","Detroit-Warren-Dearborn, MI","$90,875","2026"
"ACCOUNTANT","Accountants and Auditors","CORE TECH INTERNATIONAL CORPORATION","TAMUNING, GU","","$50,000","2026"
"Accountant","Accountants and Auditors","V.G. Gozum Construction LLC","Tamuning, GU","","$35,714","2026"
"Accountant (Client Billing and Collections Supervisor)","Accountants and Auditors","SKT TECHNOLOGIES, INC.","Long Island City, NY","New York-Newark-Jersey City, NY-NJ-PA","$80,500","2026"
"Accountant, Square Financial Services","Accountants and Auditors","Square Financial Services, Inc.","Mint Hill, NC","Charlotte-Concord-Gastonia, NC-SC","$98,338","2026"
"ACCOUNTANTS","Accountants and Auditors","Burger & Comer, P.C.","Saipan, MP","","$18","2026"
"Accountants and Auditors - KBGFJG02436-14","Accountants and Auditors","Ernst & Young U.S. LLP","Los Angeles, CA","Los Angeles-Long Beach-Anaheim, CA","$180,003","2026"
"Accountants and Auditors - KBGFJG02436-14","Accountants and Auditors","Ernst & Young U.S. LLP","Woodland Hills, CA","","$180,003","2026"
"Accountants and Auditors - KBGFJG101410-14","Accountants and Auditors","Ernst & Young U.S. LLP","New York, NY","New York-Newark-Jersey City, NY-NJ-PA","$203,734","2026"
"Accountants and Auditors - KBGFJG101410-14","Accountants and Auditors","Ernst & Young U.S. LLP","New York, NY","New York-Newark-Jersey City, NY-NJ-PA","$203,734","2026"
"Accountants and Auditors - KBGFJG207500-8","Accountants and Auditors","Ernst & Young U.S. LLP","Franklin Square, NY","New York-Newark-Jersey City, NY-NJ-PA","$215,801","2026"
"Accountants and Auditors - KBGFJG207500-8","Accountants and Auditors","Ernst & Young U.S. LLP","New York, NY","New York-Newark-Jersey City, NY-NJ-PA","$215,801","2026"
"Accountants and Auditors - KBGFJG46027-14","Accountants and Auditors","Ernst & Young U.S. LLP","Boston, MA","Boston-Cambridge-Newton, MA-NH","$153,451","2026"
"Accountants and Auditors - KBGFJG46027-14","Accountants and Auditors","Ernst & Young U.S. LLP","Brighton, MA","Boston-Cambridge-Newton, MA-NH","$153,451","2026"
"Accountants and Auditors - KBGFJG46027-14","Accountants and Auditors","Ernst & Young U.S. LLP","Waltham, MA","Boston-Cambridge-Newton, MA-NH","$153,451","2026"
"Accountants and Auditors - KBGFJG47699-23","Accountants and Auditors","Ernst & Young U.S. LLP","Elmhurst, NY","New York-Newark-Jersey City, NY-NJ-PA","$232,000","2026"
"Accountants and Auditors - KBGFJG47699-23","Accountants and Auditors","Ernst & Young U.S. LLP","New York, NY","New York-Newark-Jersey City, NY-NJ-PA","$232,000","2026"
"Accountants and Auditors - KBGFJG67604-13","Accountants and Auditors","Ernst & Young U.S. LLP","Forest Hills, NY","New York-Newark-Jersey City, NY-NJ-PA","$149,900","2026"
"Accountants and Auditors - KBGFJG67604-13","Accountants and Auditors","Ernst & Young U.S. LLP","New York, NY","New York-Newark-Jersey City, NY-NJ-PA","$149,900","2026"
"Accountants and Auditors - KBGFJG71239-13","Accountants and Auditors","Ernst & Young U.S. LLP","The Colony, TX","Dallas-Fort Worth-Arlington, TX","$93,101","2026"
"Accountants and Auditors - KBGFJG71239-13","Accountants and Auditors","Ernst & Young U.S. LLP","Dallas, TX","Dallas-Fort Worth-Arlington, TX","$93,101","2026"
"Accountants and Auditors - KBGFJG71906-15","Accountants and Auditors","Ernst & Young U.S. LLP","Johnston, RI","Providence-Warwick, RI-MA","$129,000","2026"
"Accountants and Auditors - KBGFJG71906-15","Accountants and Auditors","Ernst & Young U.S. LLP","Boston, MA","Boston-Cambridge-Newton, MA-NH","$129,000","2026"
"Accountants and Auditors - KBGFJG71906-15","Accountants and Auditors","Ernst & Young U.S. LLP","Brighton, MA","Boston-Cambridge-Newton, MA-NH","$129,000","2026"
"Accountants and Auditors - KBGFJG71906-15","Accountants and Auditors","Ernst & Young U.S. LLP","Boston, MA","Boston-Cambridge-Newton, MA-NH","$129,000","2026"
"Accountants and Auditors - KBGFJG83618-10","Accountants and Auditors","Ernst & Young U.S. LLP","Dallas, TX","Dallas-Fort Worth-Arlington, TX","$154,889","2026"
"Accountants and Auditors - KBGFJG83618-10","Accountants and Auditors","Ernst & Young U.S. LLP","Mckinney, TX","Dallas-Fort Worth-Arlington, TX","$154,889","2026"
"Accountants and Auditors - KBOEYTEST53-18","Accountants and Auditors","Ernst & Young U.S. LLP","Jersey City, NJ","New York-Newark-Jersey City, NY-NJ-PA","$194,744","2026"
"Accountants and Auditors - KBOEYTEST53-18","Accountants and Auditors","Ernst & Young U.S. LLP","Hoboken, NJ","New York-Newark-Jersey City, NY-NJ-PA","$194,744","2026"
"Accounting & Finance Associate","Accountants and Auditors","Getac, Inc.","Irvine, CA","Los Angeles-Long Beach-Anaheim, CA","$83,000","2026"
"Accounting / Financial Manager","Financial Managers","The University of Southern California","Los Angeles, CA","Los Angeles-Long Beach-Anaheim, CA","$104,374","2026"
"Accounting Analyst","Accountants and Auditors","Shri Swami Narayan LLC","Newark, DE","Philadelphia-Camden-Wilmington, PA-NJ-DE-MD","$96,500","2026"
"Accounting Manager","Accountants and Auditors","Atlantic Trading & Marketing, Inc.","Houston, TX","Houston-The Woodlands-Sugar Land, TX","$170,000","2026"
"Accounting Supervisor","Accountants and Auditors","Cummins Inc.","INDIANAPOLIS, IN","Indianapolis-Carmel-Anderson, IN","$102,398","2026"
"Accounting Supervisor","Accountants and Auditors","Cummins Inc.","INDIANAPOLIS, IN","Indianapolis-Carmel-Anderson, IN","$102,398","2026"
"Accounts Payable Accountant","Accountants and Auditors","ByteDance Inc.","Culver City, CA","","$81,900","2026"
"Acoustics Engineering","Electronics Engineers, Except Computer","Apple Inc.","Cupertino, CA","San Jose-Sunnyvale-Santa Clara, CA","$198,000","2026"
"Acoustics Engineering","Electrical Engineers","Apple Inc.","Cupertino, CA","San Jose-Sunnyvale-Santa Clara, CA","$217,630","2026"
"Acquisition Credit Strategy -830","Financial Quantitative Analysts","Barclays Services LLC ","Celina, TX","Dallas-Fort Worth-Arlington, TX","$215,000","2026"
"Actuarial Analyst, Valuation","Statistical Assistants","GLOBAL ATLANTIC FINANCIAL COMPANY","BRIGHTON, MA","Boston-Cambridge-Newton, MA-NH","$97,059","2026"
"Actuarial Senior Advisor","Actuaries","Cigna Health and Life Insurance Company","Forest Hills, NY","New York-Newark-Jersey City, NY-NJ-PA","$163,100","2026"
"Actuary","Actuaries","Uber Technologies, Inc.","New York, NY","New York-Newark-Jersey City, NY-NJ-PA","$163,400","2026"
"Actuary","Actuaries","Liberty Mutual Group Inc.","Boston, MA","Boston-Cambridge-Newton, MA-NH","$170,500","2026"
"Actuary","Statisticians","Liberty Mutual Group Inc.","Pelham, NY","New York-Newark-Jersey City, NY-NJ-PA","$175,781","2026"
"Acupuncturist","Acupuncturists","Beijing Tong Ren Tang Ming Qi Group, LLC","New York, NY","New York-Newark-Jersey City, NY-NJ-PA","$64,979","2026"
"AD / Sr. Developer Lead - KBGFJG125646-3","Software Developers","RBC Capital Markets LLC","Jersey City, NJ","New York-Newark-Jersey City, NY-NJ-PA","$175,000","2026"
"Ad Platforms - Product","Operations Research Analysts","Apple Inc.","Cupertino, CA","San Jose-Sunnyvale-Santa Clara, CA","$212,000","2026"
"AD,Software Architect,Full Stack,RWD Sol","Software Developers","NOVARTIS PHARMACEUTICALS CORPORATION","EAST HANOVER, NJ","New York-Newark-Jersey City, NY-NJ-PA","$187,741","2026"
"ADAS BlueCruise Feature Engineer","Automotive Engineers","FORD MOTOR COMPANY","Dearborn, MI","Detroit-Warren-Dearborn, MI","$97,140","2026"
"ADAS Cybersecurity Software Architect","Software Developers","FORD MOTOR COMPANY","Dearborn, MI","Detroit-Warren-Dearborn, MI","$137,465","2026"
"ADAS Data Analytics Engineer","Software Developers","FORD MOTOR COMPANY","Dearborn, MI","Detroit-Warren-Dearborn, MI","$102,190","2026"
"ADAS Test Sr. Engineer","Automotive Engineers","Honda Development & Manufacturing of America, LLC","Raymond, OH","Columbus, OH","$92,201","2026"
"ADAS Test Sr. Engineer","Automotive Engineers","Honda Development & Manufacturing of America, LLC","Raymond, OH","Columbus, OH","$92,468","2026"
"Administrative Services Manager","Administrative Services Managers","Relation Insurance, Inc.","Los Angeles, CA","Los Angeles-Long Beach-Anaheim, CA","$180,000","2026"
"Administrator III - IO","Software Developers","AMERISOURCEBERGEN SERVICES CORPORATION","Conshohocken, PA","Philadelphia-Camden-Wilmington, PA-NJ-DE-MD","$154,000","2026"
"Advanced Data Science Manager","Operations Research Analysts","ZS Associates, Inc.","Princeton, NJ","Trenton, NJ","$263,000","2026"
"Advanced DevOps Engineer","Software Developers","Symbotic LLC","Farmers Branch, TX","Dallas-Fort Worth-Arlington, TX","$156,998","2026"
"Advanced Machine Learning Engineer","Robotics Engineers","Symbotic LLC","Wilmington, MA","Boston-Cambridge-Newton, MA-NH","$159,823","2026"
"Advanced Manufacturing Engineering","Industrial Engineers","Apple Inc.","Cupertino, CA","San Jose-Sunnyvale-Santa Clara, CA","$187,300","2026"
"Advanced Manufacturing Engineering Manager","Industrial Production Managers","Apple Inc.","Cupertino, CA","San Jose-Sunnyvale-Santa Clara, CA","$196,200","2026"
"Advanced Research Scientist","Biological Technicians","University of South Florida","Tampa, FL","Tampa-St. Petersburg-Clearwater, FL","$63,873","2026"
"Advanced Scrum Master","Software Developers","Meijer Great Lakes Limited Partnership","Grand Rapids, MI","Grand Rapids-Wyoming, MI","$133,903","2026"
"Advanced Software Engineer","Software Developers","The Kroger Company","Blue Ash, OH","Cincinnati, OH-KY-IN","$157,612","2026"
"Advanced Software Engineer","Software Developers","The Kroger Company","Blue Ash, OH","Cincinnati, OH-KY-IN","$154,886","2026"
"Advanced Software Test Engineer","Software Developers","STERIS Corporation","Mentor, OH","Cleveland-Elyria, OH","$129,000","2026"
"Advanced Technology EPM","Information Technology Project Managers","Apple Inc.","San Diego, CA","San Diego-Carlsbad, CA","$134,800","2026"
"Advanced Technology EPM","Information Technology Project Managers","Apple Inc.","Cupertino, CA","San Jose-Sunnyvale-Santa Clara, CA","$196,534","2026"
"Advanced V2X Charging Systems Application Engineer","Electrical Engineers","General Motors","Warren, MI","Detroit-Warren-Dearborn, MI","$140,231","2026"
"Advisor Application Engineer","Software Developers","Gainwell Technologies LLC","Irving, TX","Dallas-Fort Worth-Arlington, TX","$134,971","2026"
"Advisor Business Analyst","Software Developers","Insperity Services, L.P.","Cypress, TX","Houston-The Woodlands-Sugar Land, TX","$152,793","2026"
"Advisor Business Analyst","Software Developers","Insperity Services, L.P.","Katy, TX","Houston-The Woodlands-Sugar Land, TX","$152,793","2026"
"Advisor, Software Developer","Software Developers","FedEx Supply Chain Logistics & Electronics, Inc. ","Fort Worth, TX","Dallas-Fort Worth-Arlington, TX","$147,901","2026"
"Advisory Services Senior Consultant","Software Developers","Optum Services, Inc. ","Bennington, NE","Omaha-Council Bluffs, NE-IA","$134,992","2026"
"Advisory System Analyst","Computer Systems Analysts","IBM Corporation","Conshohocken, PA","Philadelphia-Camden-Wilmington, PA-NJ-DE-MD","$106,974","2026"
"AEM Forms Developer","Software Developers","Zions Bancorporation, N.A.","Frsico, TX","Dallas-Fort Worth-Arlington, TX","$134,971","2026"
"Agency Operations Manager","Market Research Analysts and Marketing Specialists","TikTok Inc.","Culver City, CA","","$122,000","2026"
"Agile Developer Team Member","Software Developers","Farmers Group, Inc.","Woodland Hills, CA","","$137,959","2026"
"Agile Developer Team Member","Software Developers","Farmers Group, Inc.","Middleburg Heights, OH","Cleveland-Elyria, OH","$113,552","2026"
"Agile Developer Team Member","Software Quality Assurance Analysts and Testers","Farmers Group, Inc.","Woodland Hills, CA","","$158,738","2026"
"Agile Developer Team Member","Software Developers","Farmers Group, Inc.","Woodland Hills, CA","","$139,890","2026"
"Agile Developer Team Member","Software Developers","Farmers Group, Inc.","Woodland Hills, CA","","$151,112","2026"
"Agile Developer Team Member","Software Developers","Farmers Group, Inc.","Kannapolis, NC","Charlotte-Concord-Gastonia, NC-SC","$150,682","2026"
"Agile Development Manager","Computer and Information Systems Managers","Mobile Heartbeat LLC","Waltham, MA","Boston-Cambridge-Newton, MA-NH","$145,656","2026"
"Agile Development Senior","Software Developers","Federal Home Loan Mortgage Corporation","McLean, VA","Washington-Arlington-Alexandria, DC-VA-MD-WV","$156,998","2026"
"Agile Development Senior","Software Quality Assurance Analysts and Testers","Federal Home Loan Mortgage Corporation","McLean, VA","Washington-Arlington-Alexandria, DC-VA-MD-WV","$150,467","2026"
"Agile Development Sr.","Software Developers","Federal Home Loan Mortgage Corporation","Mclean, VA","Washington-Arlington-Alexandria, DC-VA-MD-WV","$126,183","2026"
"Agile Development, Sr.","Software Developers","Federal Home Loan Mortgage Corporation","McLean, VA","Washington-Arlington-Alexandria, DC-VA-MD-WV","$126,183","2026"
"Agile Process Lead-II","Information Technology Project Managers","JSM CONSULTING INC","Atlanta, GA","Atlanta-Sandy Springs-Roswell, GA","$95,000","2026"
"Agile Product Owner Advisor","Information Technology Project Managers","Cigna-Evernorth Services Inc.","Bloomfield, CT","Hartford-West Hartford-East Hartford, CT","$125,876","2026"
"Agile Product Owner Senior","Software Developers","FIS Management Services, LLC","Jacksonville, FL","Jacksonville, FL","$128,455","2026"
"Agile Product Owner Senior","Software Developers","FIS Management Services, LLC","Kannapolis, NC","Charlotte-Concord-Gastonia, NC-SC","$128,455","2026"
"Agile Software Developer","Software Developers","U.S. Bank National Association","Charlotte, NC","Charlotte-Concord-Gastonia, NC-SC","$133,536","2026"
"Agile Validation Lead Engineers","Validation Engineers","FCA US LLC","Auburn Hills, MI","Detroit-Warren-Dearborn, MI","$138,924","2026"
"AI Scientist","Computer and Information Research Scientists","Mistral AI, Inc.","Palo Alto, CA","San Jose-Sunnyvale-Santa Clara, CA","$330,000","2026"
"Algorithm Engineer","Physicists","KLA Corporation","Milpitas, CA","San Jose-Sunnyvale-Santa Clara, CA","$192,589","2026"
"Algorithm Engineer","Computer and Information Research Scientists","KLA Corporation","Milpitas, CA","San Jose-Sunnyvale-Santa Clara, CA","$168,508","2026"
"Algorithm Engineering Manager","Computer Systems Engineers/Architects","KLA Corporation","Milpitas, CA","San Jose-Sunnyvale-Santa Clara, CA","$250,949","2026"
"Allergy “ Immunology Physician","Allergists and Immunologists","Mayo Clinic","Jacksonville, FL","Jacksonville, FL","$427,750","2026"
"AMER-Compliance Manager","Software Quality Assurance Analysts and Testers","MUFG Bank, Ltd.","Walnut Creek, CA","San Francisco-Oakland-Hayward, CA","$143,620","2026"
"Americas Services Leader","Computer Network Support Specialists","Natilik Inc","New York, NY","New York-Newark-Jersey City, NY-NJ-PA","$92,040","2026"
"Ames Laboratory Scientist I","Chemists","Iowa State University of Science and Technology","Ames, IA","Ames, IA","$81,869","2026"
"Ames Laboratory Scientist I","Materials Scientists","Iowa State University of Science and Technology","Ames, IA","Ames, IA","$83,366","2026"
"Ames Laboratory Scientist II","Materials Scientists","Iowa State University of Science and Technology","Ames, IA","Ames, IA","$96,000","2026"
"AMS Technical Lead","Computer Programmers","IBM Corporation","Portland, OR","Portland-Vancouver-Hillsboro, OR-WA","$119,288","2026"
"Analog Circuit Design Engineer","Electronics Engineers, Except Computer","Altera Corporation","PORTLAND, OR","Portland-Vancouver-Hillsboro, OR-WA","$176,030","2026"
"Analog Design Engineer","Electronics Engineers, Except Computer","Texas Instruments Incorporated","SANTA CLARA, CA","San Jose-Sunnyvale-Santa Clara, CA","$206,500","2026"
"Analog Design Engineer","Electronics Engineers, Except Computer","Texas Instruments Incorporated","Santa Clara, CA","San Jose-Sunnyvale-Santa Clara, CA","$217,720","2026"
"Analog Design Engineer","Electronics Engineers, Except Computer","CIRRUS LOGIC INTERNATIONAL SEMICONDUCTOR LTD.","Austin, TX","Austin-Round Rock, TX","$170,434","2026"
"Analog Design Engineer","Electronics Engineers, Except Computer","CIRRUS LOGIC INTERNATIONAL SEMICONDUCTOR LTD.","Chandler, AZ","Phoenix-Mesa-Scottsdale, AZ","$163,218","2026"
"Analog Design Engineer","Electronics Engineers, Except Computer","Texas Instruments Incorporated","Dallas, TX","Dallas-Fort Worth-Arlington, TX","$148,000","2026"
"Analog Design Engineer","Electronics Engineers, Except Computer","CIRRUS LOGIC INTERNATIONAL SEMICONDUCTOR LTD.","Chandler, AZ","Phoenix-Mesa-Scottsdale, AZ","$185,194","2026"
"Analog Engineer","Electronics Engineers, Except Computer","Intel Corporation ","Santa Clara, CA","San Jose-Sunnyvale-Santa Clara, CA","$186,472","2026"
"Analog Engineer","Electronics Engineers, Except Computer","Intel Corporation ","Chandler, AZ","Phoenix-Mesa-Scottsdale, AZ","$138,715","2026"
"Analog Engineer","Electronics Engineers, Except Computer","Intel Corporation ","Hillsboro, OR","Portland-Vancouver-Hillsboro, OR-WA","$121,680","2026"
"Analyst","Computer Systems Analysts","TATA CONSULTANCY SERVICES LIMITED","Deerfield, IL","Chicago-Naperville-Elgin, IL-IN-WI","$81,702","2026"
"Analyst","Computer Systems Analysts","TATA CONSULTANCY SERVICES LIMITED","Irving, TX","Dallas-Fort Worth-Arlington, TX","$98,925","2026"
"Analyst","Computer Systems Analysts","TATA CONSULTANCY SERVICES LIMITED","Brentwood, TN","Nashville-Davidson--Murfreesboro--Franklin, TN","$89,190","2026"
"Analyst","Financial and Investment Analysts","MPG Operations LLC","New York, NY","New York-Newark-Jersey City, NY-NJ-PA","$148,678","2026"
"ANALYST","Computer Systems Analysts","TATA CONSULTANCY SERVICES LIMITED","SAN ANTONIO, TX","San Antonio-New Braunfels, TX","$88,026","2026"
"Analyst","Computer Systems Analysts","Tata Consultancy Services Limited","Atlanta, GA","Atlanta-Sandy Springs-Roswell, GA","$92,539","2026"
"Analyst","Financial and Investment Analysts","Hudson Bay Capital Management LP","New York, NY","New York-Newark-Jersey City, NY-NJ-PA","$200,000","2026"
"Analyst","Financial and Investment Analysts","Hudson Bay Capital Management LP","New York, NY","New York-Newark-Jersey City, NY-NJ-PA","$200,000","2026"
"Analyst","Statisticians","MPG Operations LLC","Santa Monica, CA","Los Angeles-Long Beach-Anaheim, CA","$96,595","2026"
"Analyst","Computer Systems Analysts","TATA CONSULTANCY SERVICES LIMITED","San Jose, CA","San Jose-Sunnyvale-Santa Clara, CA","$131,560","2026"
"Analyst","Financial and Investment Analysts","CITADEL AMERICAS SERVICES LLC","New York, NY","New York-Newark-Jersey City, NY-NJ-PA","$125,000","2026"
"Analyst","Computer Systems Analysts","TATA CONSULTANCY SERVICES LIMITED","Alpharetta, GA","Atlanta-Sandy Springs-Roswell, GA","$92,539","2026"
"Analyst","Financial and Investment Analysts","NUT TREE CAPITAL MANAGEMENT LP","NEW YORK, NY","New York-Newark-Jersey City, NY-NJ-PA","$300,000","2026"
"Analyst","Credit Analysts","Moody's Investors Service, Inc.","New York, NY","New York-Newark-Jersey City, NY-NJ-PA","$158,560","2026"
"Analyst","Computer Systems Analysts","TATA CONSULTANCY SERVICES LIMITED","Sunnyvale, CA","San Jose-Sunnyvale-Santa Clara, CA","$131,560","2026"
"ANALYST - INFORMATION SECURITY","Information Security Analysts","TATA CONSULTANCY SERVICES LIMITED","INDIANAPOLIS, IN","Indianapolis-Carmel-Anderson, IN","$74,963","2026"
"ANALYST - TESTING","Software Quality Assurance Analysts and Testers","TATA CONSULTANCY SERVICES LIMITED","WEST DES MOINES, IA","Des Moines-West Des Moines, IA","$76,482","2026"
"Analyst Business Systems IT","Software Developers","Medline Industries, LP.","Northbrook, IL","Chicago-Naperville-Elgin, IL-IN-WI","$104,040","2026"
"Analyst Business Systems IT","Software Developers","Medline Industries, LP.","Buffalo Grove, IL","Chicago-Naperville-Elgin, IL-IN-WI","$104,040","2026"
"Analyst General","Computer Systems Analysts","TECHNOSOFT CORPORATION","Albuquerque, NM","Albuquerque, NM","$113,000","2026"
"Analyst II, IT Business","Business Intelligence Analysts","Boston Scientific Corporation","MARLBOROUGH, MA","Boston-Cambridge-Newton, MA-NH","$108,150","2026"
"Analyst III, Technology Operations","Business Intelligence Analysts","WAL-MART ASSOCIATES, INC.","Bentonville, AR","Fayetteville-Springdale-Rogers, AR-MO","$110,732","2026"
"Analyst Principal “ Functional, SAP FICO","Computer Programmers","Westlake Management Services Inc. ","Houston, TX","Houston-The Woodlands-Sugar Land, TX","$145,447","2026"
"Analyst Programmer","Computer Programmers","Accelerated Technologies Inc.","Plainsboro, NJ","New York-Newark-Jersey City, NY-NJ-PA","$93,000","2026"
"Analyst Sales","Business Intelligence Analysts","NVIDIA Corporation","Santa Clara, CA","San Jose-Sunnyvale-Santa Clara, CA","$194,834","2026"
"Analyst Sales","Business Intelligence Analysts","NVIDIA Corporation","Santa Clara, CA","San Jose-Sunnyvale-Santa Clara, CA","$181,714","2026"
"Analyst Systems II","Information Technology Project Managers","UNM Hospital","Albuquerque, NM","Albuquerque, NM","$36","2026"
"Analyst Systems II","Computer Systems Analysts, Non R&D","UNM Hospital","Albuquerque, NM","Albuquerque, NM","$39","2026"
"Analyst Systems IT","Business Intelligence Analysts","Medline Industries, LP.","Leander, TX","Austin-Round Rock, TX","$105,409","2026"
"Analyst V Supply Chain Advanced Analytics","Data Scientists","ADUSA Procurement, LLC","Salisbury, NC","","$107,016","2026"
"Analyst “ Information Security","Information Security Analysts","TATA CONSULTANCY SERVICES LIMITED","Richardson, TX","Dallas-Fort Worth-Arlington, TX","$128,253","2026"
"Analyst “ Testing","Software Quality Assurance Analysts and Testers","TATA CONSULTANCY SERVICES LIMITED","Kansas City, MO","Kansas City, MO-KS","$87,526","2026"
"Analyst “ Testing","Software Quality Assurance Analysts and Testers","TATA CONSULTANCY SERVICES LIMITED","White Plains, NY","New York-Newark-Jersey City, NY-NJ-PA","$102,086","2026"
"Analyst “ Testing","Software Quality Assurance Analysts and Testers","TATA CONSULTANCY SERVICES LIMITED","Woonsocket, RI","Providence-Warwick, RI-MA","$85,987","2026"
"Analyst “ Testing","Software Quality Assurance Analysts and Testers","TATA CONSULTANCY SERVICES LIMITED","Boston, MA","Boston-Cambridge-Newton, MA-NH","$99,299","2026"
"Analyst,  Advisors & Consulting Services","Management Analysts","Mastercard International Incorporated","Chicago, IL","Chicago-Naperville-Elgin, IL-IN-WI","$98,946","2026"
"Analyst, Business Systems IT","Software Developers","Medline Industries, LP.","Mundelein, IL","Chicago-Naperville-Elgin, IL-IN-WI","$127,305","2026"
"Analyst, Business Systems IT","Software Developers","Medline Industries, LP.","Northbrook, IL","Chicago-Naperville-Elgin, IL-IN-WI","$127,350","2026"
"Analyst, Credit Risk Mgmt","Operations Research Analysts","T-Mobile USA, Inc.","Frisco, TX","Dallas-Fort Worth-Arlington, TX","$110,854","2026"
"Analyst, Data Intelligence","Statisticians","H3 Insights, LLC","Dallas, TX","Dallas-Fort Worth-Arlington, TX","$101,000","2026"
"Analyst, Data Science","Data Scientists","Ahold Delhaize USA Services, LLC","White Plains, NY","New York-Newark-Jersey City, NY-NJ-PA","$147,160","2026"
"Analyst, Financial Sr","Financial and Investment Analysts","Freedom Mortgage Corporation","Marlton, NJ","Philadelphia-Camden-Wilmington, PA-NJ-DE-MD","$90,584","2026"
"Analyst, IT People Systems","Computer Systems Engineers/Architects","Micron Technology, Inc.","San Jose, CA","San Jose-Sunnyvale-Santa Clara, CA","$132,636","2026"
"Analyst, Property Securities - KBGFJG221267-3","Financial and Investment Analysts","First Sentier Investors (US) LLC","New York, NY","New York-Newark-Jersey City, NY-NJ-PA","$204,000","2026"
"Analyst, Sales","Financial and Investment Analysts","GOLDMAN SACHS & CO. LLC","Chicago, IL","Chicago-Naperville-Elgin, IL-IN-WI","$102,000","2026"
"Analytical Development Research Scientist","Medical Scientists, Except Epidemiologists","Vertex Pharmaceuticals Incorporated","Boston, MA","Boston-Cambridge-Newton, MA-NH","$117,229","2026"
"Analytical Scientist","Chemists","Veranova, L.P.","Devens, MA","Boston-Cambridge-Newton, MA-NH","$119,995","2026"
"Analytics & BI Engineer II","Data Scientists","Kiewit Engineering Group Inc. ","Lenexa, KS","Kansas City, MO-KS","$105,291","2026"
"Analytics Analyst Lead","Business Intelligence Analysts","OneMain General Services Corporation","Irving, TX","Dallas-Fort Worth-Arlington, TX","$141,773","2026"
"Analytics Analyst Sr.","Statisticians","OneMain General Services Corporation","Wilmington, DE","Philadelphia-Camden-Wilmington, PA-NJ-DE-MD","$90,480","2026"
"Analytics and BI Manager","Business Intelligence Analysts","Twilio, Inc.","Newington, CT","Hartford-West Hartford-East Hartford, CT","$157,139","2026"
"Analytics Associate IV","Data Scientists","Presbyterian Healthcare Services","Albuquerque, NM","Albuquerque, NM","$48","2026"
